{
  "threshold": 0.9,
  "roc_auc": 0.6860775701835305,
  "pr_auc": 0.9884468002647157,
  "report": {
    "0.0": {
      "precision": 0.056818181818181816,
      "recall": 0.13513513513513514,
      "f1-score": 0.08,
      "support": 37.0
    },
    "1.0": {
      "precision": 0.9832635983263598,
      "recall": 0.9577177789098319,
      "f1-score": 0.9703225806451613,
      "support": 1963.0
    },
    "accuracy": 0.9425,
    "macro avg": {
      "precision": 0.5200408900722708,
      "recall": 0.5464264570224835,
      "f1-score": 0.5251612903225806,
      "support": 2000.0
    },
    "weighted avg": {
      "precision": 0.9661243581209585,
      "recall": 0.9425,
      "f1-score": 0.9538516129032258,
      "support": 2000.0
    }
  },
  "confusion_matrix": [
    [
      5,
      32
    ],
    [
      83,
      1880
    ]
  ]
}